Keyword,Title,Link,Date
biến đổi,Quản lý trồng trọt thích ứng với biến đổi khí hậu - Báo Cần Thơ Online,https://baocantho.com.vn/quan-ly-trong-trot-thich-ung-voi-bien-doi-khi-hau-a168865.html,11/1/2024
biến đổi,Phụ nữ bên lề cuộc chiến chống biến đổi khí hậu - Báo Cần Thơ ...,https://baocantho.com.vn/phu-nu-ben-le-cuoc-chien-chong-bien-doi-khi-hau-a180485.html,16-11-2024
biến đổi,"Chủ động phòng chống thiên tai, ứng phó biến đổi khí hậu - Báo ...",https://baocantho.com.vn/chu-dong-phong-chong-thien-tai-ung-pho-bien-doi-khi-hau-a176865.html,4/8/2024
biến đổi,AI tìm ra phương pháp chống biến đổi khí hậu hiệu quả - Báo Cần ...,https://baocantho.com.vn/ai-tim-ra-phuong-phap-chong-bien-doi-khi-hau-hieu-qua-a177617.html,24-08-2024
biến đổi,Phát động trồng cây xanh ứng phó với biến đổi khí hậu - Báo Cần ...,https://baocantho.com.vn/phat-dong-trong-cay-xanh-ung-pho-voi-bien-doi-khi-hau-a175010.html,17-06-2024
biến đổi,Biến đổi khí hậu đe dọa sức khỏe toàn cầu - Báo Cần Thơ Online,https://baocantho.com.vn/bien-doi-khi-hau-de-doa-suc-khoe-toan-cau-a180261.html,9/11/2024
biến đổi,Việt Nam đồng hành cùng quốc tế ứng phó biến đổi khí hậu - Báo ...,https://baocantho.com.vn/viet-nam-dong-hanh-cung-quoc-te-ung-pho-bien-doi-khi-hau-a170112.html,12/2/2024
biến đổi,"Biến đổi khí hậu có thể gây thêm 14,5 triệu ca tử vong tính đến năm ...",https://baocantho.com.vn/bien-doi-khi-hau-co-the-gay-them-14-5-trieu-ca-tu-vong-tinh-den-nam-2050-a169152.html,18-01-2024
biến đổi,Báo động “mối đe dọa chưa từng có” do biến đổi khí hậu - Báo Cần ...,https://baocantho.com.vn/bao-dong-moi-de-doa-chua-tung-co-do-bien-doi-khi-hau-a180052.html,3/11/2024
biến đổi,"Canh tác an toàn, thích ứng biến đổi khí hậu để đảm bảo lợi nhuận ...",https://baocantho.com.vn/canh-tac-an-toan-thich-ung-bien-doi-khi-hau-de-dam-bao-loi-nhuan-cho-nha-nong-a172875.html,24-04-2024
biến đổi,Thúc đẩy hợp tác trong ứng phó biến đổi khí hậu với đối tác tại ...,https://baocantho.com.vn/thuc-day-hop-tac-trong-ung-pho-bien-doi-khi-hau-voi-doi-tac-tai-vuong-quoc-anh-a174622.html,7/6/2024
biến đổi,Tận dụng khoa học và công nghệ ứng phó với biến đổi khí hậu ...,https://baocantho.com.vn/tan-dung-khoa-hoc-va-cong-nghe-ung-pho-voi-bien-doi-khi-hau-phuc-vu-phat-trien-ben-vung-vung-dbscl-a169247.html,20-01-2024
biến đổi,Định hướng phát triển công nghệ để thích ứng với biến đổi khí hậu ...,https://baocantho.com.vn/dinh-huong-phat-trien-cong-nghe-de-thich-ung-voi-bien-doi-khi-hau-quan-tri-thanh-pho-thong-minh-a179721.html,24-10-2024
băng,Hoàn thiện các tuyến cao tốc tạo đường băng cho ĐBSCL cất cánh ...,https://baocantho.com.vn/hoan-thien-cac-tuyen-cao-toc-tao-duong-bang-cho-dbscl-cat-canh-a180774.html,24-11-2024
băng,“Biệt đội săn ma: Kỷ nguyên băng giá” - Bước lùi của loạt phim đình ...,https://baocantho.com.vn/-biet-doi-san-ma-ky-nguyen-bang-gia-buoc-lui-cua-loat-phim-dinh-dam-lau-nam-a172432.html,14-04-2024
băng,Công viên giải trí băng tuyết lớn nhất thế giới ở Trung Quốc - Báo ...,https://baocantho.com.vn/cong-vien-giai-tri-bang-tuyet-lon-nhat-the-gioi-o-trung-quoc-a168788.html,9/1/2024
băng,"Máy bay Hàn Quốc lao khỏi đường băng, hàng chục người thiệt ...",https://baocantho.com.vn/may-bay-han-quoc-lao-khoi-duong-bang-hang-chuc-nguoi-thiet-mang-a181971.html,29-12-2024
băng,Các băng nhóm Haiti tiếp quản thủ đô - Báo Cần Thơ Online,https://baocantho.com.vn/cac-bang-nhom-haiti-tiep-quan-thu-do-a171526.html,22-03-2024
băng,Dấu hiệu “tan băng” quan hệ Trung - Ấn - Báo Cần Thơ Online,https://baocantho.com.vn/dau-hieu-tan-bang-quan-he-trung-an-a179818.html,27-10-2024
băng,Cảnh sát Haiti tấn công sào huyệt băng nhóm tội phạm - Báo Cần ...,https://baocantho.com.vn/canh-sat-haiti-tan-cong-sao-huyet-bang-nhom-toi-pham-a171332.html,17-03-2024
băng,“Băng đô” từ trường hứa hẹn giúp điều trị trầm cảm - Báo Cần Thơ ...,https://baocantho.com.vn/-bang-do-tu-truong-hua-hen-giup-dieu-tri-tram-cam-a173658.html,14-05-2024
băng,“Vô tư” dừng xe trên vạch dành cho người đi bộ băng qua đường ...,https://baocantho.com.vn/-vo-tu-dung-xe-tren-vach-danh-cho-nguoi-di-bo-bang-qua-duong-a178057.html,7/9/2024
chính sách của Đảng,"Nhận diện luận điệu xuyên tạc chính sách của Đảng, Nhà nước ta ...",https://baocantho.com.vn/nhan-dien-luan-dieu-xuyen-tac-chinh-sach-cua-dang-nha-nuoc-ta-doi-voi-nguoi-viet-nam-o-nuoc-ngoai-a171973.html,2/4/2024
công nghệ xanh,Sức hút từ công nghệ “xanh hóa bê tông” trị giá hàng triệu USD ...,https://baocantho.com.vn/suc-hut-tu-cong-nghe-xanh-hoa-be-tong-tri-gia-hang-trieu-usd-a172230.html,9/4/2024
giờ Trái đất,"Vận động doanh nghiệp hưởng ứng Chiến dịch ""Giờ Trái đất"" năm ...",https://baocantho.com.vn/van-dong-doanh-nghiep-huong-ung-chien-dich-gio-trai-dat-nam-2024-a171541.html,22-03-2024
giờ Trái đất,Tuổi trẻ TP Cần Thơ hưởng ứng Chiến dịch “Giờ Trái đất” năm 2024 ...,https://baocantho.com.vn/tuoi-tre-tp-can-tho-huong-ung-chien-dich-gio-trai-dat-nam-2024-a171600.html,24-03-2024
giờ Trái đất,"Trồng cây xanh, chạy bộ hưởng ứng Chiến dịch “Giờ trái đất” năm ...",https://baocantho.com.vn/trong-cay-xanh-chay-bo-huong-ung-chien-dich-gio-trai-dat-nam-2024-a171584.html,24-03-2024
hạn hán,Kênh đào Panama vẫn đạt doanh thu ấn tượng dù hạn hán - Báo ...,https://baocantho.com.vn/kenh-dao-panama-van-dat-doanh-thu-an-tuong-du-han-han-a179817.html,27-10-2024
hạn hán,Phụ nữ và trẻ em gái chịu thiệt vì hạn hán - Báo Cần Thơ Online,https://baocantho.com.vn/phu-nu-va-tre-em-gai-chiu-thiet-vi-han-han-a171527.html,22-03-2024
hạn hán,"Chủ động ứng phó nguy cơ hạn hán, xâm nhập mặn, phòng, chống ...",https://baocantho.com.vn/video/xem-video/chu-dong-ung-pho-nguy-co-han-han-xam-nhap-man-phong-chong-thien-tai-3244.html,29-03-2024
khí hậu,Quản lý trồng trọt thích ứng với biến đổi khí hậu - Báo Cần Thơ Online,https://baocantho.com.vn/quan-ly-trong-trot-thich-ung-voi-bien-doi-khi-hau-a168865.html,11/1/2024
khí hậu,Phụ nữ bên lề cuộc chiến chống biến đổi khí hậu - Báo Cần Thơ ...,https://baocantho.com.vn/phu-nu-ben-le-cuoc-chien-chong-bien-doi-khi-hau-a180485.html,16-11-2024
khí hậu,AI tìm ra phương pháp chống biến đổi khí hậu hiệu quả - Báo Cần ...,https://baocantho.com.vn/ai-tim-ra-phuong-phap-chong-bien-doi-khi-hau-hieu-qua-a177617.html,24-08-2024
khí hậu,"Chủ động phòng chống thiên tai, ứng phó biến đổi khí hậu - Báo ...",https://baocantho.com.vn/chu-dong-phong-chong-thien-tai-ung-pho-bien-doi-khi-hau-a176865.html,4/8/2024
khí hậu,Chính sách khí hậu của EU gặp khó vì phe cực hữu - Báo Cần Thơ ...,https://baocantho.com.vn/chinh-sach-khi-hau-cua-eu-gap-kho-vi-phe-cuc-huu-a180248.html,9/11/2024
khí hậu,Biến đổi khí hậu đe dọa sức khỏe toàn cầu - Báo Cần Thơ Online,https://baocantho.com.vn/bien-doi-khi-hau-de-doa-suc-khoe-toan-cau-a180261.html,9/11/2024
khí hậu,Phát động trồng cây xanh ứng phó với biến đổi khí hậu - Báo Cần ...,https://baocantho.com.vn/phat-dong-trong-cay-xanh-ung-pho-voi-bien-doi-khi-hau-a175010.html,17-06-2024
khí hậu,"Biến đổi khí hậu có thể gây thêm 14,5 triệu ca tử vong tính đến năm ...",https://baocantho.com.vn/bien-doi-khi-hau-co-the-gay-them-14-5-trieu-ca-tu-vong-tinh-den-nam-2050-a169152.html,18-01-2024
khí hậu,Thúc đẩy hợp tác trong ứng phó biến đổi khí hậu với đối tác tại ...,https://baocantho.com.vn/thuc-day-hop-tac-trong-ung-pho-bien-doi-khi-hau-voi-doi-tac-tai-vuong-quoc-anh-a174622.html,7/6/2024
khí hậu,Tăng cường bảo vệ môi trường và chống chịu khí hậu tại tiểu vùng ...,https://baocantho.com.vn/tang-cuong-bao-ve-moi-truong-va-chong-chiu-khi-hau-tai-tieu-vung-song-mekong-a172424.html,13-04-2024
khí hậu,"Canh tác an toàn, thích ứng biến đổi khí hậu để đảm bảo lợi nhuận ...",https://baocantho.com.vn/canh-tac-an-toan-thich-ung-bien-doi-khi-hau-de-dam-bao-loi-nhuan-cho-nha-nong-a172875.html,24-04-2024
lũ lụt,Thái Lan thành lập trung tâm quốc gia ứng phó lũ lụt - Báo Cần Thơ ...,https://baocantho.com.vn/thai-lan-thanh-lap-trung-tam-quoc-gia-ung-pho-lu-lut-a178385.html,17-09-2024
lũ lụt,Gần 300.000 người Bangladesh phải lánh nạn do lũ lụt - Báo Cần ...,https://baocantho.com.vn/gan-300-000-nguoi-bangladesh-phai-lanh-nan-do-lu-lut-a177651.html,26-08-2024
môi trường,Ngành tài nguyên và Môi trường TP Cần Thơ hoàn thành nhiệm vụ ...,https://baocantho.com.vn/video/xem-video/nganh-tai-nguyen-va-moi-truong-tp-can-tho-hoan-thanh-nhiem-vu-de-ra-3643.html,29-12-2024
môi trường,Phát động Tết trồng cây và chương trình “Môi trường sạch - cuộc ...,https://baocantho.com.vn/phat-dong-tet-trong-cay-va-chuong-trinh-moi-truong-sach-cuoc-song-xanh--a174561.html,5/6/2024
môi trường,Phường An Bình ra quân tổng vệ sinh môi trường - Báo Cần Thơ ...,https://baocantho.com.vn/phuong-an-binh-ra-quan-tong-ve-sinh-moi-truong-a181473.html,15-12-2024
môi trường,Chung tay bảo vệ môi trường vì một thế giới sạch hơn - Báo Cần ...,https://baocantho.com.vn/chung-tay-bao-ve-moi-truong-vi-mot-the-gioi-sach-hon-a178771.html,27-09-2024
môi trường,"Chuyển đổi số, chuyển đổi xanh tài nguyên và môi trường năm ...",https://baocantho.com.vn/chuyen-doi-so-chuyen-doi-xanh-tai-nguyen-va-moi-truong-nam-2024-a181185.html,5/12/2024
môi trường,“Ngày Trong Xanh” – Hành trình lan tỏa tình yêu môi trường qua âm ...,https://baocantho.com.vn/-ngay-trong-xanh-hanh-trinh-lan-toa-tinh-yeu-moi-truong-qua-am-nhac-a180757.html,23-11-2024
môi trường,"Trồng cây xanh cải thiện môi trường, giảm nhẹ thiên tai... - Báo Cần ...",https://baocantho.com.vn/trong-cay-xanh-cai-thien-moi-truong-giam-nhe-thien-tai--a170966.html,8/3/2024
môi trường,"Nỗ lực tạo lập môi trường kinh doanh thuận lợi, thông thoáng cho ...",https://baocantho.com.vn/no-luc-tao-lap-moi-truong-kinh-doanh-thuan-loi-thong-thoang-cho-doanh-nghiep-a173714.html,15-05-2024
môi trường,"Xây dựng bộ tiêu chí đánh giá, xếp hạng môi trường kinh doanh cấp ...",https://baocantho.com.vn/xay-dung-bo-tieu-chi-danh-gia-xep-hang-moi-truong-kinh-doanh-cap-tinh-doi-voi-kinh-te-tap-the-htx--a176197.html,17-07-2024
môi trường,Môi Trường Minh Tâm chính thức có mặt Cần Thơ - Cung cấp dịch ...,https://baocantho.com.vn/moi-truong-minh-tam-chinh-thuc-co-mat-can-tho-cung-cap-dich-vu-moi-truong-toan-dien-a181541.html,16-12-2024
môi trường,"Phong Điền xây dựng cảnh quan môi trường, trật tự đô thị - Báo Cần ...",https://baocantho.com.vn/phong-dien-xay-dung-canh-quan-moi-truong-trat-tu-do-thi-a175905.html,10/7/2024
môi trường,Nâng cao chất lượng môi trường nông thôn - Báo Cần Thơ Online,https://baocantho.com.vn/nang-cao-chat-luong-moi-truong-nong-thon-a172966.html,26-04-2024
môi trường,Ban Đô thị tái giám sát công tác môi trường tại dự án Hồ Búng Xáng ...,https://baocantho.com.vn/ban-do-thi-tai-giam-sat-cong-tac-moi-truong-tai-du-an-ho-bung-xang-a169530.html,27-01-2024
môi trường,"Vĩnh Thạnh tăng cường quản lý tài nguyên, môi trường - Báo Cần ...",https://baocantho.com.vn/vinh-thanh-tang-cuong-quan-ly-tai-nguyen-moi-truong-a176508.html,26-07-2024
môi trường,Cải thiện môi trường đầu tư kinh doanh cần thực chất - Báo Cần ...,https://baocantho.com.vn/cai-thien-moi-truong-dau-tu-kinh-doanh-can-thuc-chat-a168978.html,13-01-2024
môi trường,Phường An Bình ra quân tổng vệ sinh môi trường - Báo Cần Thơ ...,https://baocantho.com.vn/phuong-an-binh-ra-quan-tong-ve-sinh-moi-truong-a181473.html,15-12-2024
môi trường,“Cười xuyên biên giới” và thông điệp bảo vệ môi trường - Báo Cần ...,https://baocantho.com.vn/-cuoi-xuyen-bien-gioi-va-thong-diep-bao-ve-moi-truong-a180728.html,14-12-2024
môi trường,Doanh nghiệp FDI đặt niềm tin vào môi trường kinh doanh Việt Nam ...,https://baocantho.com.vn/doanh-nghiep-fdi-dat-niem-tin-vao-moi-truong-kinh-doanh-viet-nam-a175123.html,20-06-2024
môi trường,Nhiều hoạt động thiết thực hưởng ứng Ngày Môi trường thế giới 5-6 ...,https://baocantho.com.vn/nhieu-hoat-dong-thiet-thuc-huong-ung-ngay-moi-truong-the-gioi-5-6-a174563.html,5/6/2024
môi trường,Hạt vi nhựa bủa vây môi trường sống - Báo Cần Thơ Online,https://baocantho.com.vn/hat-vi-nhua-bua-vay-moi-truong-song-a168988.html,14-01-2024
môi trường,Tăng cường bảo vệ môi trường và chống chịu khí hậu tại tiểu vùng ...,https://baocantho.com.vn/tang-cuong-bao-ve-moi-truong-va-chong-chiu-khi-hau-tai-tieu-vung-song-mekong-a172424.html,13-04-2024
môi trường,"Ðề nghị kiểm tra, xử lý tình trạng ô nhiễm môi trường - Báo Cần Thơ ...",https://baocantho.com.vn/-e-nghi-kiem-tra-xu-ly-tinh-trang-o-nhiem-moi-truong-a177472.html,20-08-2024
môi trường,Ra quân dọn dẹp vệ sinh môi trường hồ Búng Xáng - Báo Cần Thơ ...,https://baocantho.com.vn/ra-quan-don-dep-ve-sinh-moi-truong-ho-bung-xang-a169352.html,23-01-2024
nhà kính,"Canh tác lúa bền vững, giảm phát thải nhà kính - Báo Cần Thơ Media",https://baocantho.com.vn/video/xem-video/canh-tac-lua-ben-vung-giam-phat-thai-nha-kinh-3349.html,6/6/2024
năng lượng,"Indonesia, Philippines đi đầu tái khởi động năng lượng hạt nhân ...",https://baocantho.com.vn/indonesia-philippines-di-dau-tai-khoi-dong-nang-luong-hat-nhan-a181244.html,8/12/2024
năng lượng,Đông Nam Á hướng đến kỷ nguyên năng lượng hạt nhân - Báo Cần ...,https://baocantho.com.vn/dong-nam-a-huong-den-ky-nguyen-nang-luong-hat-nhan-a181245.html,8/12/2024
năng lượng,Hỗ trợ doanh nghiệp sử dụng năng lượng tiết kiệm và bền vững ...,https://baocantho.com.vn/ho-tro-doanh-nghiep-su-dung-nang-luong-tiet-kiem-va-ben-vung-a174565.html,5/6/2024
năng lượng,Lợi ích khi sử dụng máy năng lượng mặt trời Đại Thành - Báo Cần ...,https://baocantho.com.vn/loi-ich-khi-su-dung-may-nang-luong-mat-troi-dai-thanh-a176151.html,16-07-2024
năng lượng,Cuộc đua làm chủ năng lượng hạt nhân - Báo Cần Thơ Online,https://baocantho.com.vn/cuoc-dua-lam-chu-nang-luong-hat-nhan-a178819.html,29-09-2024
năng lượng,"Nên ăn gì trước khi tập Gym để đủ năng lượng, tăng cơ bắp tốt nhất ...",https://baocantho.com.vn/nen-an-gi-truoc-khi-tap-gym-de-du-nang-luong-tang-co-bap-tot-nhat-a172010.html,3/4/2024
năng lượng,Nhà tiết kiệm năng lượng - xu hướng mới ở Úc - Báo Cần Thơ Online,https://baocantho.com.vn/nha-tiet-kiem-nang-luong-xu-huo-ng-mo-i-o-uc-a172756.html,21-04-2024
năng lượng,Nguy cơ từ chất thải năng lượng mặt trời tại châu Phi - Báo Cần Thơ ...,https://baocantho.com.vn/nguy-co-tu-chat-thai-nang-luong-mat-troi-tai-chau-phi-a172726.html,21-04-2024
năng lượng,Năng lượng mới từ kinh tế số - Báo Cần Thơ Online,https://baocantho.com.vn/nang-luong-moi-tu-kinh-te-so-a170027.html,9/2/2024
phát triển bền vững,400 đại biểu dự diễn đàn quốc tế Phát triển bền vững ĐBSCL - Báo ...,https://baocantho.com.vn/video/xem-video/400-dai-bieu-du-dien-dan-quoc-te-phat-trien-ben-vung-dbscl-3592.html,29-11-2024
phát triển bền vững,Tìm giải pháp phát triển bền vững sản xuất giống cá tra - Báo Cần ...,https://baocantho.com.vn/tim-giai-phap-phat-trien-ben-vung-san-xuat-giong-ca-tra-a179701.html,24-10-2024
phát triển bền vững,"Xây dựng thành phố xanh, phát triển bền vững - Báo Cần Thơ Online",https://baocantho.com.vn/xay-dung-thanh-pho-xanh-phat-trien-ben-vung-a168465.html,2/1/2024
phát triển bền vững,"""Chuyển đổi kép"" hướng đến phát triển bền vững - Báo Cần Thơ ...",https://baocantho.com.vn/chuyen-doi-kep-huong-den-phat-trien-ben-vung-a172781.html,22-04-2024
phát triển bền vững,"CNH, HĐH tạo động lực cho ĐBSCL phát triển bền vững - Báo Cần ...",https://baocantho.com.vn/cnh-hdh-tao-dong-luc-cho-dbscl-phat-trien-ben-vung-a180964.html,29-11-2024
phát triển bền vững,“Chuyển đổi kép” đưa ÐBSCL phát triển bền vững - Báo Cần Thơ ...,https://baocantho.com.vn/-chuyen-doi-kep-dua-bscl-phat-trien-ben-vung-a174366.html,1/6/2024
phát triển bền vững,Bàn giải pháp bảo vệ và phát triển bền vững ĐBSCL - Báo Cần Thơ ...,https://baocantho.com.vn/video/xem-video/ban-giai-phap-bao-ve-va-phat-trien-ben-vung-dbscl-3314.html,15-05-2024
phát triển bền vững,Liên kết để vùng ĐBSCL phát triển bền vững - Báo Cần Thơ Online,https://baocantho.com.vn/lien-ket-de-vung-dbscl-phat-trien-ben-vung-a181792.html,23-12-2024
phát triển bền vững,"Đẩy mạnh sự hợp tác, kết nối để phát triển bền vững vùng ĐBSCL ...",https://baocantho.com.vn/day-manh-su-hop-tac-ket-noi-de-phat-trien-ben-vung-vung-dbscl-a181613.html,18-12-2024
phát triển bền vững,"Liên kết, hợp tác phát triển bền vững ngành Nông nghiệp - Báo Cần ...",https://baocantho.com.vn/lien-ket-hop-tac-phat-trien-ben-vung-nganh-nong-nghiep-a180631.html,20-11-2024
phát triển bền vững,"Phát triển bền vững, toàn diện, chuyên nghiệp ngành Halal Việt ...",https://baocantho.com.vn/phat-trien-ben-vung-toan-dien-chuyen-nghiep-nganh-halal-viet-nam-a180659.html,21-11-2024
phát triển bền vững,Tham vấn các bên liên quan phát triển bền vững khu vực hạ lưu ...,https://baocantho.com.vn/tham-van-cac-ben-lien-quan-phat-trien-ben-vung-khu-vuc-ha-luu-song-mekong-a181237.html,8/12/2024
phát triển bền vững,Hội thảo “Ứng dụng công nghệ sinh học - Phát triển bền vững” - Báo ...,https://baocantho.com.vn/hoi-thao-ung-dung-cong-nghe-sinh-hoc-phat-trien-ben-vung--a180136.html,6/11/2024
phát triển bền vững,Tối ưu hóa nguồn lực tài chính để phát triển bền vững - Báo Cần ...,https://baocantho.com.vn/toi-uu-hoa-nguon-luc-tai-chinh-de-phat-trien-ben-vung-a181254.html,8/12/2024
phát triển bền vững,Liên kết phát triển bền vững ngành hàng sầu riêng - Báo Cần Thơ ...,https://baocantho.com.vn/lien-ket-phat-trien-ben-vung-nganh-hang-sau-rieng-a173604.html,13-05-2024
phát triển bền vững,Tìm hướng phát triển bền vững cho du lịch chuyên đề - Báo Cần ...,https://baocantho.com.vn/tim-huong-phat-trien-ben-vung-cho-du-lich-chuyen-de-a170118.html,12/2/2024
phát triển bền vững,Cần giải pháp phát triển bền vững kinh tế tập thể tôm – lúa - Báo ...,https://baocantho.com.vn/can-giai-phap-phat-trien-ben-vung-kinh-te-tap-the-tom-lua-a176722.html,1/8/2024
phát triển bền vững,Chuyển đổi ESG - Xu hướng phát triển bền vững cho doanh nghiệp ...,https://baocantho.com.vn/chuyen-doi-esg-xu-huong-phat-trien-ben-vung-cho-doanh-nghiep-a178820.html,29-09-2024
phát triển bền vững,Cải thiện năng suất lao động để phát triển bền vững - Báo Cần Thơ ...,https://baocantho.com.vn/cai-thien-nang-suat-lao-dong-de-phat-trien-ben-vung-a170382.html,21-02-2024
phát triển bền vững,Làm nông nghiệp xanh để phát triển bền vững - Báo Cần Thơ Online,https://baocantho.com.vn/lam-nong-nghiep-xanh-de-phat-trien-ben-vung-a168584.html,4/1/2024
phát triển bền vững,Cuộc đua phát triển bền vững trong lĩnh vực thời trang - Báo Cần ...,https://baocantho.com.vn/cuoc-dua-phat-trien-ben-vung-trong-linh-vuc-thoi-trang-a171310.html,17-03-2024
phát triển bền vững,Cuộc đua phát triển bền vững trong lĩnh vực thời trang - Báo Cần ...,https://baocantho.com.vn/cuoc-dua-phat-trien-ben-vung-trong-linh-vuc-thoi-trang-a171310.html,17-03-2024
phát triển bền vững,Triển khai Đề án Phát triển bền vững 1 triệu héc-ta chuyên canh lúa ...,https://baocantho.com.vn/trien-khai-de-an-phat-trien-ben-vung-1-trieu-hec-ta-chuyen-canh-lua-chat-luong-cao-phat-thai-thap-ga-a169952.html,5/2/2024
phát triển bền vững,Tận dụng khoa học và công nghệ để phát triển bền vững ĐBSCL ...,https://baocantho.com.vn/video/xem-video/tan-dung-khoa-hoc-va-cong-nghe-de-phat-trien-ben-vung-dbscl-3133.html,20-01-2024
phát triển xanh,"Phát triển xanh là xu hướng tất yếu, cần sự tham gia của toàn xã hội ...",https://baocantho.com.vn/phat-trien-xanh-la-xu-huong-tat-yeu-can-su-tham-gia-cua-toan-xa-hoi-a178962.html,2/10/2024
rừng,Về Khu chứng tích chiến tranh Rừng tràm Bang Biện Phú - Báo Cần ...,https://baocantho.com.vn/ve-khu-chung-tich-chien-tranh-rung-tram-bang-bien-phu-a175208.html,22-06-2024
rừng,Kiên Giang: Bắt 2 đối tượng khai thác rừng trái phép ở Phú Quốc ...,https://baocantho.com.vn/kien-giang-bat-2-doi-tuong-khai-thac-rung-trai-phep-o-phu-quoc-a180215.html,8/11/2024
rừng,Làm du lịch kết hợp giữ rừng - Báo Cần Thơ Online,https://baocantho.com.vn/lam-du-lich-ket-hop-giu-rung-a169051.html,16-01-2024
rừng,Nuôi cá mú dưới tán rừng phòng hộ - Báo Cần Thơ Online,https://baocantho.com.vn/nuoi-ca-mu-duoi-tan-rung-phong-ho-a178610.html,23-09-2024
rừng,Nuôi heo rừng bán hoang dã thu nhập cao - Báo Cần Thơ Online,https://baocantho.com.vn/nuoi-heo-rung-ban-hoang-da-thu-nhap-cao-a170785.html,4/3/2024
rừng,Mùa hè lên rừng - Báo Cần Thơ Online,https://baocantho.com.vn/mua-he-len-rung-a174611.html,7/6/2024
rừng,Cà Mau: Cháy lớn trong lâm phần rừng tràm U Minh Hạ - Báo Cần ...,https://baocantho.com.vn/ca-mau-chay-lon-trong-lam-phan-rung-tram-u-minh-ha-a172324.html,10/4/2024
rừng,Tổng thống Mỹ có chuyến thăm lịch sử đến rừng nhiệt đới Amazon ...,https://baocantho.com.vn/tong-thong-my-co-chuyen-tham-lich-su-den-rung-nhiet-doi-amazon-a180585.html,18-11-2024
rừng,Vừa phát triển kinh tế vừa bảo vệ rừng - Báo Cần Thơ Online,https://baocantho.com.vn/vua-phat-trien-kinh-te-vua-bao-ve-rung-a173736.html,16-05-2024
rừng,Cảm hứng “Từ Trà Cổ rừng dương đến Cà Mau rừng đước” - Báo ...,https://baocantho.com.vn/cam-hung-tu-tra-co-rung-duong-den-ca-mau-rung-duoc--a172143.html,7/4/2024
rừng,Người gác rừng ở Vườn Quốc gia Tràm Chim - Báo Cần Thơ Online,https://baocantho.com.vn/nguoi-gac-rung-o-vuon-quoc-gia-tram-chim-a181406.html,12/12/2024
rừng,Kiên Giang: Bắt 3 đối tượng phá rừng ở Phú Quốc - Báo Cần Thơ ...,https://baocantho.com.vn/kien-giang-bat-3-doi-tuong-pha-rung-o-phu-quoc-a172939.html,25-04-2024
rừng,"Kiên Giang: 3 cựu đội trưởng bảo vệ rừng ra đầu thú, nộp lại tiền ...",https://baocantho.com.vn/kien-giang-3-cuu-doi-truong-bao-ve-rung-ra-dau-thu-nop-lai-tien-nhan-hoi-lo-a173469.html,9/5/2024
rừng,"Cháy rừng ở Cà Mau, thiệt hại khoảng 40ha rừng tràm tái sinh - Báo ...",https://baocantho.com.vn/chay-rung-o-ca-mau-thiet-hai-khoang-40ha-rung-tram-tai-sinh-a172338.html,11/4/2024
rừng,"ÐBSCL vào cao điểm phòng cháy, chữa cháy rừng - Báo Cần Thơ ...",https://baocantho.com.vn/-bscl-vao-cao-diem-phong-chay-chua-chay-rung-a170810.html,4/3/2024
rừng,Đồng Tháp: Cháy rừng tại Vườn Quốc gia Tràm Chim - Báo Cần ...,https://baocantho.com.vn/dong-thap-chay-rung-tai-vuon-quoc-gia-tram-chim-a174765.html,11/6/2024
rừng,Chile ban bố tình trạng khẩn cấp do thảm họa cháy rừng - Báo Cần ...,https://baocantho.com.vn/chile-ban-bo-tinh-trang-khan-cap-do-tham-hoa-chay-rung-a169860.html,3/2/2024
rừng,Cháy rừng dữ dội ở Chile - Báo Cần Thơ Online,https://baocantho.com.vn/chay-rung-du-doi-o-chile-a170007.html,6/2/2024
rừng,“Mắt thần” giữ rừng ở Vườn Quốc gia Mũi Cà Mau - Báo Cần Thơ ...,https://baocantho.com.vn/-mat-than-giu-rung-o-vuon-quoc-gia-mui-ca-mau-a168651.html,6/1/2024
rừng,Chàng trai khởi nghiệp từ rừng - Báo Cần Thơ Online,https://baocantho.com.vn/chang-trai-khoi-nghiep-tu-rung-a175018.html,17-06-2024
rừng,Khởi nghiệp từ mật ong rừng Trà Sư - Báo Cần Thơ Online,https://baocantho.com.vn/khoi-nghiep-tu-mat-ong-rung-tra-su-a172498.html,15-04-2024
rừng,"Cháy rừng ở Chile, ít nhất 51 người thiệt mạng - Báo Cần Thơ Online",https://baocantho.com.vn/chay-rung-o-chile-it-nhat-51-nguoi-thiet-mang-a169891.html,4/2/2024
rừng,“Bác sĩ bồng bềnh” mang thuốc men đến những cánh rừng Panama ...,https://baocantho.com.vn/-bac-si-bong-benh-mang-thuoc-men-den-nhung-canh-rung-panama-a179558.html,20-10-2024
sóng nhiệt,Ấn Độ cảnh báo sóng nhiệt khi Delhi ghi nhận nhiệt độ cao kỷ lục ...,https://baocantho.com.vn/an-do-canh-bao-song-nhiet-khi-delhi-ghi-nhan-nhiet-do-cao-ky-luc-a174277.html,29-05-2024
thiên tai,Thiên tai gây thiệt hại nặng ở châu Phi - Báo Cần Thơ Online,https://baocantho.com.vn/thien-tai-gay-thiet-hai-nang-o-chau-phi-a173041.html,27-04-2024
thiên tai,"Chủ động phòng chống thiên tai, ứng phó biến đổi khí hậu - Báo ...",https://baocantho.com.vn/chu-dong-phong-chong-thien-tai-ung-pho-bien-doi-khi-hau-a176865.html,4/8/2024
thiên tai,"Tăng cường phòng, chống thiên tai cao điểm mùa mưa bão - Báo ...",https://baocantho.com.vn/tang-cuong-phong-chong-thien-tai-cao-diem-mua-mua-bao-a178226.html,12/9/2024
thiên tai,"Trồng cây xanh cải thiện môi trường, giảm nhẹ thiên tai... - Báo Cần ...",https://baocantho.com.vn/trong-cay-xanh-cai-thien-moi-truong-giam-nhe-thien-tai--a170966.html,8/3/2024
thiên tai,"Phát huy tính chủ động phòng, chống thiên tai, ngăn ngừa sạt lở ...",https://baocantho.com.vn/phat-huy-tinh-chu-dong-phong-chong-thien-tai-ngan-ngua-sat-lo-a176393.html,23-07-2024
thiên tai,"Nâng cao năng lực cộng đồng phòng, chống thiên tai - Báo Cần ...",https://baocantho.com.vn/nang-cao-nang-luc-cong-dong-phong-chong-thien-tai-a181424.html,13-12-2024
thiên tai,"Nâng cao hiệu quả công tác phòng, chống thiên tai, cứu hộ, cứu ...",https://baocantho.com.vn/nang-cao-hieu-qua-cong-tac-phong-chong-thien-tai-cuu-ho-cuu-nan-a175650.html,4/7/2024
thiên tai,"Tuân thủ quy định về phòng, chống thiên tai - Báo Cần Thơ Online",https://baocantho.com.vn/tuan-thu-quy-dinh-ve-phong-chong-thien-tai-a178345.html,16-09-2024
thiên tai,"Cảnh giác với âm mưu lợi dụng thiên tai để xuyên tạc, chống phá ...",https://baocantho.com.vn/canh-giac-voi-am-muu-loi-dung-thien-tai-de-xuyen-tac-chong-pha-a178353.html,16-09-2024
thiên tai,"Lực lượng vũ trang tham gia phòng, chống thiên tai - Báo Cần Thơ ...",https://baocantho.com.vn/luc-luong-vu-trang-tham-gia-phong-chong-thien-tai-a174581.html,6/6/2024
thiên tai,"Nâng cao hiệu quả phòng, chống thiên tai - Báo Cần Thơ Online",https://baocantho.com.vn/nang-cao-hieu-qua-phong-chong-thien-tai-a173944.html,21-05-2024
thích ứng,Nâng cao năng lực doanh nghiệp để thích ứng yêu cầu chuyển đổi ...,https://baocantho.com.vn/na-ng-cao-na-ng-lu-c-doanh-nghie-p-de-thi-ch-u-ng-ye-u-ca-u-chuye-n-do-i-xanh-gia-m-pha-t-tha-i-a177290.html,15-08-2024
thích ứng,"Phát triển công nghệ thích ứng với biến đổi khí hậu, quản trị thành ...",https://baocantho.com.vn/video/xem-video/phat-trien-cong-nghe-thich-ung-voi-bien-doi-khi-hau-quan-tri-thanh-pho-thong-minh-3542.html,25-10-2024
thích ứng,Quản lý trồng trọt thích ứng với biến đổi khí hậu - Báo Cần Thơ Online,https://baocantho.com.vn/quan-ly-trong-trot-thich-ung-voi-bien-doi-khi-hau-a168865.html,11/1/2024
thích ứng,Trung Quốc tìm cách thích ứng với kỷ nguyên “kinh tế bạc” - Báo ...,https://baocantho.com.vn/trung-quoc-tim-cach-thich-ung-voi-ky-nguyen-kinh-te-bac--a179309.html,13-10-2024
thích ứng,"Sản xuất nông nghiệp thích ứng khô hạn, xâm nhập mặn - Báo Cần ...",https://baocantho.com.vn/san-xuat-nong-nghiep-thich-ung-kho-han-xam-nhap-man-a171133.html,12/3/2024
thích ứng,Ðiện ảnh Thái Lan thích ứng thị trường - Báo Cần Thơ Online,https://baocantho.com.vn/-ien-anh-thai-lan-thich-ung-thi-truong-a174929.html,16-06-2024
thích ứng,"Canh tác an toàn, thích ứng biến đổi khí hậu để đảm bảo lợi nhuận ...",https://baocantho.com.vn/canh-tac-an-toan-thich-ung-bien-doi-khi-hau-de-dam-bao-loi-nhuan-cho-nha-nong-a172875.html,24-04-2024
thích ứng,Định hướng phát triển công nghệ để thích ứng với biến đổi khí hậu ...,https://baocantho.com.vn/dinh-huong-phat-trien-cong-nghe-de-thich-ung-voi-bien-doi-khi-hau-quan-tri-thanh-pho-thong-minh-a179721.html,24-10-2024
thích ứng,Định hướng phát triển công nghệ để thích ứng với biến đổi khí hậu ...,https://baocantho.com.vn/dinh-huong-phat-trien-cong-nghe-de-thich-ung-voi-bien-doi-khi-hau-quan-tri-thanh-pho-thong-minh-a179721.html,24-10-2024
thích ứng,Doanh nghiệp Hàn Quốc thích ứng với xu hướng không kết hôn ...,https://baocantho.com.vn/doanh-nghiep-han-quoc-thich-ung-voi-xu-huong-khong-ket-hon-a172420.html,13-04-2024
thích ứng,"Phát triển du lịch thích ứng biến đổi khí hậu, hội nhập xu thế toàn ...",https://baocantho.com.vn/phat-trien-du-lich-thich-ung-bien-doi-khi-hau-hoi-nhap-xu-the-toan-cau-a172283.html,10/4/2024
thảm họa,"Lôi cuốn ""Dự án mật: Thảm họa trên cầu"" - Báo Cần Thơ Online",https://baocantho.com.vn/loi-cuon-du-an-mat-tham-hoa-tren-cau-a176635.html,30-07-2024
thảm họa,Châu Á tưởng niệm các nạn nhân trong thảm họa sóng thần năm ...,https://baocantho.com.vn/chau-a-tuong-niem-cac-nan-nhan-trong-tham-hoa-song-than-nam-2004-a181895.html,27-12-2024
thảm họa,Chile ban bố tình trạng khẩn cấp do thảm họa cháy rừng - Báo Cần ...,https://baocantho.com.vn/chile-ban-bo-tinh-trang-khan-cap-do-tham-hoa-chay-rung-a169860.html,3/2/2024
tín chỉ carbon,COP29 đạt được thỏa thuận khởi động giao dịch tín chỉ carbon toàn ...,https://baocantho.com.vn/cop29-dat-duoc-thoa-thuan-khoi-dong-giao-dich-tin-chi-carbon-toan-cau-a180794.html,25-11-2024
ứng phó,Hội thảo chuẩn bị tổ chức diễn tập ứng phó sự cố bức xạ và hạt ...,https://baocantho.com.vn/video/xem-video/hoi-thao-chuan-bi-to-chuc-dien-tap-ung-pho-su-co-buc-xa-va-hat-nhan-nam-2024-3375.html,27-06-2024
ứng phó,Cấp bách ứng phó hạn mặn phức tạp ở ĐBSCL - Báo Cần Thơ Online,https://baocantho.com.vn/cap-bach-ung-pho-han-man-phuc-tap-o-dbscl-a170750.html,3/3/2024
ứng phó,"Chủ động phòng chống thiên tai, ứng phó biến đổi khí hậu - Báo ...",https://baocantho.com.vn/chu-dong-phong-chong-thien-tai-ung-pho-bien-doi-khi-hau-a176865.html,4/8/2024
ứng phó,"Chủ động ứng phó khô hạn, xâm nhập mặn - Báo Cần Thơ Online",https://baocantho.com.vn/chu-dong-ung-pho-kho-han-xam-nhap-man-a173500.html,10/5/2024
ứng phó,Phát động trồng cây xanh ứng phó với biến đổi khí hậu - Báo Cần ...,https://baocantho.com.vn/phat-dong-trong-cay-xanh-ung-pho-voi-bien-doi-khi-hau-a175010.html,17-06-2024
ứng phó,"Kiên Giang chủ động ứng phó hạn, xâm nhập mặn - Báo Cần Thơ ...",https://baocantho.com.vn/kien-giang-chu-dong-ung-pho-han-xam-nhap-man-a169449.html,25-01-2024
ứng phó,"Ứng phó bão số 3 Hành động nhanh chóng, chuẩn bị tốt các ...",https://baocantho.com.vn/ung-pho-bao-so-3-hanh-dong-nhanh-chong-chuan-bi-tot-cac-phuong-an-a178043.html,6/9/2024
ứng phó,Vĩnh Long lên kế hoạch ứng phó với El Nino - Báo Cần Thơ Online,https://baocantho.com.vn/vinh-long-len-ke-hoach-ung-pho-voi-el-nino-a169404.html,24-01-2024
ứng phó,Nga sẵn sàng ứng phó các diễn biến trong xung đột với Ukraine ...,https://baocantho.com.vn/nga-s-n-sang-ung-pho-cac-dien-bien-trong-xung-dot-voi-ukraine-a180727.html,22-11-2024
ứng phó,"Chủ động ứng phó khi lũ thượng nguồn đổ về, triều cường xuất hiện ...",https://baocantho.com.vn/chu-dong-ung-pho-khi-lu-thuong-nguon-do-ve-trieu-cuong-xuat-hien-a179531.html,19-10-2024
ứng phó,Ðề xuất giải pháp công nghệ và tiêu chuẩn ứng phó ngập mặn ...,https://baocantho.com.vn/-e-xuat-giai-phap-cong-nghe-va-tieu-chuan-ung-pho-ngap-man-nuoc-bien-dang-vung-bscl-a172921.html,25-04-2024
ứng phó,Công an TP Cần Thơ hỗ trợ người dân ứng phó triều cường - Báo ...,https://baocantho.com.vn/cong-an-tp-can-tho-ho-tro-nguoi-dan-ung-pho-trieu-cuong-a178578.html,22-09-2024
ứng phó,Thủ tướng Chính phủ yêu cầu tập trung ứng phó khẩn cấp với bão ...,https://baocantho.com.vn/thu-tuong-chinh-phu-yeu-cau-tap-trung-ung-pho-khan-cap-voi-bao-so-3-a177997.html,5/9/2024
ứng phó,Thủ tướng chỉ đạo tập trung ứng phó đợt xâm nhập mặn cao điểm ...,https://baocantho.com.vn/thu-tuong-chi-dao-tap-trung-ung-pho-dot-xam-nhap-man-cao-diem-tai-dbscl-a171018.html,9/3/2024
ứng phó,"Toàn xã hội chung tay ứng phó, khắc phục hậu quả bão lụt - Báo ...",https://baocantho.com.vn/toan-xa-hoi-chung-tay-ung-pho-khac-phuc-hau-qua-bao-lut-a178202.html,11/9/2024
ứng phó,Việt Nam đồng hành cùng quốc tế ứng phó biến đổi khí hậu - Báo ...,https://baocantho.com.vn/viet-nam-dong-hanh-cung-quoc-te-ung-pho-bien-doi-khi-hau-a170112.html,12/2/2024
ứng phó,Thái Lan thành lập trung tâm quốc gia ứng phó lũ lụt - Báo Cần Thơ ...,https://baocantho.com.vn/thai-lan-thanh-lap-trung-tam-quoc-gia-ung-pho-lu-lut-a178385.html,17-09-2024
ứng phó,Chủ động giải pháp ứng phó với lũ kết hợp triều cường cuối tháng 8 ...,https://baocantho.com.vn/chu-dong-giai-phap-ung-pho-voi-lu-ket-hop-trieu-cuong-cuoi-thang-8-thang-9-am-lich-a178757.html,26-09-2024
ứng phó,Chủ động ứng phó ngập lụt triều cường tháng 9 âm lịch - Báo Cần ...,https://baocantho.com.vn/chu-dong-ung-pho-ngap-lut-trieu-cuong-thang-9-am-lich-a178978.html,3/10/2024
ứng phó,"Chủ động ứng phó, xử lý sự cố điện trong mùa mưa bão - Báo Cần ...",https://baocantho.com.vn/chu-dong-ung-pho-xu-ly-su-co-dien-trong-mua-mua-bao-a178501.html,20-09-2024
ứng phó,"Mưa lũ diễn biến phức tạp, nông dân nỗ lực ứng phó - Báo Cần Thơ ...",https://baocantho.com.vn/mua-lu-dien-bien-phuc-tap-nong-dan-no-luc-ung-pho-a178812.html,29-09-2024
ứng phó,Thúc đẩy hợp tác trong ứng phó biến đổi khí hậu với đối tác tại ...,https://baocantho.com.vn/thuc-day-hop-tac-trong-ung-pho-bien-doi-khi-hau-voi-doi-tac-tai-vuong-quoc-anh-a174622.html,7/6/2024
ứng phó,Tận dụng khoa học và công nghệ ứng phó với biến đổi khí hậu ...,https://baocantho.com.vn/tan-dung-khoa-hoc-va-cong-nghe-ung-pho-voi-bien-doi-khi-hau-phuc-vu-phat-trien-ben-vung-vung-dbscl-a169247.html,20-01-2024
ứng phó,"Tập trung ứng phó xâm nhập mặn, khô hạn - Báo Cần Thơ Online",https://baocantho.com.vn/tap-trung-ung-pho-xam-nhap-man-kho-han-a170439.html,23-02-2024
ứng phó,"Cần giải pháp chủ động ứng phó khô hạn, xâm nhập mặn - Báo ...",https://baocantho.com.vn/can-giai-phap-chu-dong-ung-pho-kho-han-xam-nhap-man-a172175.html,8/4/2024
ứng phó,Tìm giải pháp để ĐBSCL ứng phó hiệu quả hơn với biến đổi khí hậu …,https://baocantho.com.vn/tim-giai-phap-de-dbscl-ung-pho-hieu-qua-hon-voi-bien-doi-khi-hau-phat-trien-ben-vung-a173718.html,15-05-2024
ứng phó,Triển khai kế hoạch chương trình phòng ngừa và ứng phó với bạo …,https://baocantho.com.vn/trien-khai-ke-hoach-chuong-trinh-phong-ngua-va-ung-pho-voi-bao-luc-tren-co-so-gioi-nam-2024-a172521.html,16-04-2024
ứng phó,"Chủ động ứng phó khô hạn, xâm nhập mặn - Báo Cần Thơ Online",https://baocantho.com.vn/chu-dong-ung-pho-kho-han-xam-nhap-man-a169186.html,19-01-2024
ứng phó,Đông Nam Á chật vật ứng phó với nắng nóng kỷ lục - Báo Cần Thơ ...,https://baocantho.com.vn/dong-nam-a-chat-vat-ung-pho-voi-nang-nong-ky-luc-a172112.html,6/4/2024
